ONSConstID,party,vote,RegionID,IMD_rank_2019,IMD_rank_2015,Count_of_LSOAs,Number_of_LSOAs_in_most_deprived_decile,Share_of_LSOAs_in_most_deprived_decile,Income,Employment,Education_skills_and_training,Health_deprivation_and_disability,Crime,Barriers_to_housing_and_services,Living_environment,IDACI,IDAOPI
E14001063,Labour,No,E12000008,396,410,69,0,0,356,448,306,345,274,267,458,414,169
E14001064,Conservative,No,E12000005,321,340,61,1,0.016393443,301,285,256,212,391,398,278,314,257
E14001065,Labour,Aye,E12000002,494,504,59,3,0.050847458,460,435,533,378,324,502,344,511,411
E14001066,Labour,Aye,E12000004,249,233,57,3,0.052631579,233,183,95,180,457,449,386,206,261
E14001067,Conservative,No,E12000008,462,463,57,0,0,510,508,445,476,503,75,172,512,529
E14001068,Reform UK,Aye,E12000004,131,158,56,10,0.178571429,143,97,46,98,192,421,484,111,210
E14001069,Labour,No,E12000008,304,332,60,1,0.016666667,277,301,214,364,221,131,475,257,296
E14001070,Labour,No,E12000002,57,76,62,14,0.225806452,73,64,87,32,23,471,157,81,127
E14001071,Labour,Aye,E12000008,428,401,65,0,0,418,431,248,447,359,215,513,415,415
E14001072,Labour,No,E12000008,367,389,60,0,0,387,404,233,359,395,232,249,363,416
E14001073,Labour,No,E12000007,64,65,66,2,0.03030303,60,156,187,208,78,3,112,90,35
E14001074,Labour,Aye,E12000003,102,110,62,13,0.209677419,113,66,33,54,84,537,520,113,161
E14001075,Labour,No,E12000003,44,32,66,19,0.287878788,63,23,16,18,48,540,514,46,148
E14001076,Labour,No,E12000002,146,80,68,12,0.176470588,198,109,208,40,486,534,60,218,276
E14001077,Conservative,No,E12000006,198,197,62,5,0.080645161,168,201,96,291,132,155,499,145,225
E14001078,Labour,Aye,E12000008,385,395,65,0,0,400,401,249,351,255,260,506,374,382
E14001079,Labour,Aye,E12000004,204,180,62,5,0.080645161,223,155,127,136,242,356,453,227,292
E14001080,Liberal Democrat,Aye,E12000009,463,403,62,2,0.032258065,417,443,440,444,348,463,372,405,361
E14001081,Labour,No,E12000007,330,324,56,0,0,320,445,527,369,208,116,52,253,74
E14001082,Conservative,No,E12000008,523,519,57,0,0,518,531,480,533,372,224,479,509,523
E14001083,Labour,No,E12000007,410,367,64,0,0,377,410,510,501,278,79,230,372,330
E14001084,Labour,No,E12000006,205,172,68,4,0.058823529,187,182,193,215,212,192,260,202,220
E14001085,Labour,No,E12000007,183,161,59,2,0.033898305,178,318,458,217,145,33,50,42,26
E14001086,Labour,No,E12000007,95,49,65,1,0.015384615,48,188,350,170,51,51,42,41,2
E14001087,Conservative,No,E12000003,376,357,57,3,0.052631579,360,306,358,388,450,258,369,380,364
E14001088,Conservative,No,E12000008,296,302,55,2,0.036363636,293,229,319,296,432,135,223,291,368
E14001089,Labour,No,E12000007,331,344,58,0,0,309,313,264,404,307,142,273,243,378
E14001090,Liberal Democrat,No,E12000008,489,495,58,0,0,526,524,366,446,490,148,351,510,525
E14001091,Labour,Aye,E12000002,22,29,65,29,0.446153846,20,5,110,5,151,539,110,25,84
E14001092,Labour,No,E12000005,84,112,62,15,0.241935484,110,130,267,139,148,35,41,108,104
E14001093,Labour,No,E12000005,12,14,70,36,0.514285714,21,13,43,30,103,53,4,21,53
E14001094,Labour,No,E12000005,31,53,64,21,0.328125,23,49,133,114,180,44,5,67,23
E14001095,Labour,No,E12000005,7,12,68,43,0.632352941,7,10,5,60,85,65,35,14,44
E14001096,Labour,No,E12000005,4,9,76,54,0.710526316,1,32,21,51,94,14,24,3,1
E14001097,Labour,No,E12000005,24,25,70,30,0.428571429,25,33,79,55,59,68,89,8,106
E14001098,Independent,No,E12000005,16,27,70,36,0.514285714,9,24,52,115,142,36,8,32,13
E14001099,Labour,No Vote Recorded,E12000005,83,108,65,14,0.215384615,111,146,243,84,152,70,28,66,108
E14001100,Labour,Aye,E12000005,21,30,64,27,0.421875,29,46,37,80,171,38,2,51,33
E14001101,Labour,No,E12000001,114,104,58,8,0.137931034,93,56,168,82,186,423,442,92,158
E14001102,Independent,No,E12000002,23,35,63,27,0.428571429,17,17,36,11,114,516,86,88,30
E14001103,Labour,No,E12000002,13,15,62,29,0.467741935,14,11,72,14,1,230,169,17,47
E14001104,Labour,Aye,E12000002,138,148,62,11,0.177419355,145,88,176,46,264,533,214,167,200
E14001105,Labour,Aye,E12000002,2,1,74,38,0.513513514,3,1,20,1,9,525,13,5,55
E14001106,Labour,No,E12000001,245,282,55,1,0.018181818,184,145,278,122,295,458,532,225,170
E14001107,Labour,No,E12000001,66,101,62,20,0.322580645,70,22,67,81,39,389,542,45,205
E14001108,Conservative,No,E12000008,247,270,60,3,0.05,269,222,149,177,299,156,409,278,311
E14001109,Labour,Aye,E12000004,175,177,60,3,0.05,171,117,58,103,455,473,412,157,236
E14001110,Labour,Aye,E12000002,72,99,69,21,0.304347826,69,52,129,90,52,487,159,114,135
E14001111,Labour,No,E12000002,19,18,69,26,0.376811594,12,14,44,33,8,435,171,27,41
E14001112,Labour,Aye,E12000002,259,289,63,3,0.047619048,254,214,382,181,128,481,237,290,266
E14001113,Labour,Aye,E12000002,15,6,69,33,0.47826087,13,3,57,8,106,530,96,26,39
E14001114,Reform UK,Aye,E12000004,106,132,63,10,0.158730159,140,105,14,151,371,250,181,153,167
E14001115,Labour,Aye,E12000009,238,268,61,5,0.081967213,222,198,309,202,194,334,183,281,198
E14001116,Labour,No Vote Recorded,E12000009,229,244,60,4,0.066666667,228,242,213,201,187,221,248,203,179
E14001117,Labour,Aye,E12000008,475,435,63,0,0,449,471,279,474,498,136,535,445,350
E14001118,Independent,No,E12000003,9,19,66,38,0.575757576,16,41,1,61,5,399,11,54,25
E14001119,Deputy Speaker,No Vote Recorded,E12000003,28,42,62,22,0.35483871,41,68,17,83,4,433,84,43,83
E14001120,Labour,No,E12000003,14,36,69,30,0.434782609,19,39,10,45,7,372,21,78,14
E14001121,Conservative,No,E12000006,399,405,57,0,0,396,386,245,400,383,184,389,396,371
E14001122,Labour,No,E12000007,108,147,71,9,0.126760563,92,158,317,337,72,6,119,140,36
E14001123,Labour,No,E12000007,251,292,64,0,0,246,382,417,459,216,4,170,319,76
E14001124,Labour,Aye,E12000007,264,327,61,1,0.016393443,259,362,494,358,117,27,99,267,138
E14001125,Conservative,No,E12000006,468,481,57,0,0,471,489,381,506,265,175,463,450,461
E14001126,Conservative,Aye,E12000009,193,221,55,4,0.072727273,211,173,112,234,244,346,134,191,291
E14001127,Conservative,No Vote Recorded,E12000003,209,188,56,9,0.160714286,204,143,226,264,346,229,246,219,259
E14001128,Conservative,No,E12000003,343,351,54,2,0.037037037,312,275,268,283,414,385,406,294,323
E14001129,Labour,Aye,E12000008,137,118,57,11,0.192982456,139,129,77,154,262,139,359,143,125
E14001130,Green Party,Aye,E12000008,338,321,59,2,0.033898305,355,375,431,306,288,244,117,361,174
E14001131,Green Party,Aye,E12000009,322,304,49,3,0.06122449,436,492,499,294,67,100,91,336,206
E14001132,Labour,Aye,E12000009,101,115,61,12,0.196721311,125,128,82,130,40,160,204,122,123
E14001133,Labour,Aye,E12000009,169,181,56,3,0.053571429,173,163,118,240,61,200,358,175,193
E14001134,Labour,No,E12000009,235,234,62,5,0.080645161,257,253,224,235,69,296,346,237,254
E14001135,Labour,Aye,E12000009,68,46,62,18,0.290322581,103,125,29,85,18,272,282,57,116
E14001136,Conservative,No,E12000006,408,386,59,0,0,432,388,304,389,537,115,274,456,441
E14001137,Conservative,No,E12000007,461,444,56,0,0,450,475,508,507,312,72,326,443,421
E14001138,Conservative,No,E12000005,465,480,58,0,0,456,429,460,394,318,347,465,461,470
E14001139,Conservative,No,E12000006,325,358,62,0,0,325,354,202,471,261,56,410,288,314
E14001140,Labour,No,E12000004,395,370,60,0,0,341,299,336,340,356,538,339,328,343
E14001141,Labour,Aye,E12000008,364,381,55,2,0.036363636,350,408,297,392,399,55,460,325,369
E14001142,Labour,Aye,E12000002,34,22,69,27,0.391304348,53,40,54,21,47,536,40,68,141
E14001143,Labour,Aye,E12000005,270,271,64,3,0.046875,298,273,190,229,314,368,118,318,320
E14001144,Labour,No,E12000002,197,230,63,7,0.111111111,183,134,276,174,137,452,221,241,246
E14001145,Labour,Aye,E12000002,174,192,64,6,0.09375,155,126,271,166,99,439,229,231,189
E14001146,Labour,Aye,E12000006,415,394,63,0,0,431,426,311,408,424,96,478,424,440
E14001147,Labour,No Vote Recorded,E12000003,269,297,63,1,0.015873016,288,254,418,244,172,475,32,296,329
E14001148,Labour,Aye,E12000009,151,144,55,6,0.109090909,154,132,272,182,408,278,17,194,176
E14001149,Labour,Aye,E12000006,368,418,58,0,0,429,481,464,390,182,167,107,352,318
E14001150,Labour,No,E12000005,260,248,60,2,0.033333333,227,202,108,221,327,455,383,230,208
E14001151,Independent,No,E12000008,372,368,61,1,0.016393443,382,414,346,343,229,141,474,305,346
E14001152,Labour,No,E12000002,219,193,65,4,0.061538462,258,181,113,156,364,405,288,274,317
E14001153,Liberal Democrat,Aye,E12000007,327,313,61,1,0.016393443,275,303,375,375,268,212,213,280,277
E14001154,Conservative,No,E12000006,326,317,58,1,0.017241379,308,287,114,346,333,316,504,271,325
E14001155,Conservative,Aye,E12000009,344,348,54,0,0,367,371,410,416,522,190,31,381,385
E14001156,Conservative,No,E12000006,409,424,50,2,0.04,424,444,308,422,456,205,265,404,432
E14001157,Labour,Aye,E12000008,178,229,61,7,0.114754098,192,199,91,254,76,333,222,162,245
E14001158,Liberal Democrat,No,E12000002,472,468,63,1,0.015873016,472,417,521,279,257,500,415,519,446
E14001159,Liberal Democrat,Aye,E12000006,442,419,65,0,0,409,412,405,464,330,222,492,379,431
E14001160,Labour,No,E12000007,313,257,81,2,0.024691358,307,393,526,438,178,77,49,334,111
E14001161,Liberal Democrat,Aye,E12000009,412,363,63,2,0.031746032,380,368,403,317,323,432,398,360,380
E14001162,Liberal Democrat,Aye,E12000008,540,540,59,0,0,531,528,529,542,491,263,528,533,539
E14001163,Labour,Aye,E12000002,320,316,57,3,0.052631579,314,258,396,203,321,482,267,341,283
E14001164,Conservative,Aye,E12000002,424,440,49,1,0.020408163,461,440,493,385,470,112,196,459,482
E14001165,Labour,Aye,E12000004,191,154,62,5,0.080645161,166,113,201,49,476,464,511,177,223
E14001166,Liberal Democrat,Aye,E12000008,383,393,59,1,0.016949153,373,367,292,329,423,225,315,350,423
E14001167,Conservative,No,E12000007,297,249,64,0,0,279,335,397,409,185,63,162,270,240
E14001168,Liberal Democrat,Aye,E12000009,430,411,57,0,0,405,394,338,406,500,247,446,395,418
E14001169,Labour,No,E12000007,418,382,68,0,0,349,398,522,526,282,73,284,392,272
E14001170,Speaker,No Vote Recorded,E12000002,311,309,56,3,0.053571429,297,235,347,193,319,494,303,347,294
E14001171,Conservative,No,E12000009,459,451,53,0,0,402,338,343,450,502,331,521,375,467
E14001172,Labour,Aye,E12000007,346,245,80,0,0,358,423,525,531,337,211,10,348,203
E14001173,Labour,No,E12000001,283,308,58,5,0.086206897,278,243,333,142,289,440,531,242,255
E14001174,Reform UK,No,E12000006,45,52,60,13,0.216666667,61,15,31,37,164,341,286,24,188
E14001175,Labour,No,E12000007,166,160,60,0,0,163,297,466,187,63,94,9,99,19
E14001176,Labour,Aye,E12000006,290,284,61,1,0.016393443,280,317,283,257,232,110,439,236,271
E14001177,Labour,Aye,E12000003,349,372,54,1,0.018518519,374,345,441,326,218,404,95,370,406
E14001178,Labour,Aye,E12000002,451,469,49,0,0,440,373,479,328,434,369,445,455,493
E14001179,Labour,Aye,E12000004,253,237,63,4,0.063492063,287,251,102,219,322,163,470,286,319
E14001180,Labour,No,E12000005,60,28,70,18,0.257142857,36,76,55,102,157,245,108,39,63
E14001181,Labour,No,E12000005,221,200,64,5,0.078125,214,228,238,192,250,354,87,213,187
E14001182,Independent,No,E12000005,255,258,64,5,0.078125,261,340,289,191,334,262,85,188,180
E14001183,Labour,Aye,E12000001,271,259,59,1,0.016949153,252,190,217,168,331,290,540,260,256
E14001184,Labour,No Vote Recorded,E12000008,292,318,66,1,0.015151515,295,349,141,284,254,104,404,269,248
E14001185,Labour,Aye,E12000002,274,260,68,3,0.044117647,304,276,174,211,294,416,232,265,354
E14001186,Labour,Aye,E12000007,217,201,67,2,0.029850746,174,234,265,295,219,41,252,146,219
E14001187,Conservative,Aye,E12000007,432,416,59,0,0,452,461,513,419,339,47,312,438,451
E14001188,Labour,Aye,E12000007,104,109,63,3,0.047619048,98,165,293,226,53,12,68,127,62
E14001189,Labour,No,E12000007,149,149,65,2,0.030769231,142,197,166,272,140,28,192,135,152
E14001190,Labour,No,E12000001,143,163,59,12,0.203389831,135,107,119,104,66,531,503,139,185
E14001191,Labour,Aye,E12000008,289,338,53,1,0.018867925,354,374,269,336,73,152,165,315,353
E14001192,Conservative,No,E12000004,434,446,52,1,0.019230769,468,458,353,420,338,180,374,449,502
E14001193,Labour,No,E12000004,211,214,60,4,0.066666667,213,216,146,138,306,337,244,186,218
E14001194,Labour,Aye,E12000004,53,48,65,20,0.307692308,37,78,8,68,196,274,189,59,69
E14001195,Labour,Aye,E12000004,469,456,55,1,0.018181818,487,469,436,417,539,228,208,483,497
E14001196,Independent,No,E12000003,54,74,63,14,0.222222222,57,73,19,147,32,344,104,136,58
E14001197,Liberal Democrat,Aye,E12000008,511,497,56,0,0,504,504,392,515,501,306,440,474,527
E14001198,Labour,No,E12000003,98,116,70,17,0.242857143,130,106,38,93,42,412,337,131,190
E14001199,Labour,Aye,E12000003,228,217,58,5,0.086206897,234,184,145,159,170,444,497,196,285
E14001200,Labour,Aye,E12000003,75,59,63,18,0.285714286,108,77,15,87,44,434,427,83,183
E14001201,Liberal Democrat,Aye,E12000008,484,494,54,0,0,515,501,438,477,393,123,336,505,533
E14001202,Labour,Aye,E12000008,208,232,60,5,0.083333333,194,152,155,258,184,257,387,152,299
E14001203,Conservative,No,E12000005,347,330,58,0,0,389,356,284,414,361,98,242,388,404
E14001204,Labour,Aye,E12000005,88,106,62,15,0.241935484,55,50,47,121,237,519,193,47,113
E14001205,Labour,No,E12000007,184,156,60,0,0,157,239,481,274,88,74,34,159,57
E14001206,Labour,Aye,E12000006,359,365,58,0,0,345,380,218,393,201,300,429,277,389
E14001207,Labour,No,E12000007,226,220,71,2,0.028169014,208,293,495,344,176,24,79,216,93
E14001208,Labour,Aye,E12000007,203,227,70,1,0.014285714,162,246,400,370,207,13,143,211,92
E14001209,Labour,Aye,E12000007,185,208,65,1,0.015384615,167,224,370,314,166,22,111,256,59
E14001210,Labour,Aye,E12000008,470,465,58,3,0.051724138,444,484,354,516,472,153,516,411,417
E14001211,Labour,No,E12000001,40,17,65,16,0.246153846,46,8,69,19,35,522,541,35,134
E14001212,Conservative,No,E12000008,520,525,56,0,0,530,530,462,527,469,195,301,529,534
E14001213,Labour,No,E12000007,119,152,65,0,0,123,268,277,320,147,2,75,207,11
E14001214,Conservative,No,E12000008,503,522,52,0,0,524,507,505,510,421,171,268,522,537
E14001215,Conservative,No,E12000008,435,474,56,0,0,477,473,412,435,223,161,319,454,508
E14001216,Labour,No,E12000008,58,55,64,16,0.25,56,38,56,141,30,273,294,60,143
E14001217,Conservative,No,E12000009,460,484,51,0,0,502,514,296,431,458,149,340,500,436
E14001218,Labour,Aye,E12000008,342,307,64,0,0,338,308,229,305,396,424,205,354,328
E14001219,Liberal Democrat,Aye,E12000008,225,256,61,4,0.06557377,188,148,188,250,279,237,413,172,258
E14001220,Liberal Democrat,Aye,E12000008,504,510,54,0,0,490,488,385,479,384,468,408,485,498
E14001221,Labour,No,E12000007,120,126,73,5,0.068493151,81,171,198,382,155,9,126,96,67
E14001222,Labour,No,E12000002,172,164,60,10,0.166666667,179,123,170,108,304,510,259,180,228
E14001223,Labour,Aye,E12000007,234,224,63,1,0.015873016,207,225,332,341,121,64,234,187,199
E14001224,Liberal Democrat,Aye,E12000006,477,470,61,0,0,470,490,386,504,480,103,395,477,414
E14001225,Labour,No,E12000007,132,157,69,5,0.072463768,84,170,220,379,200,10,146,74,110
E14001226,Conservative,No,E12000006,390,360,61,0,0,362,407,287,470,139,285,357,369,322
E14001227,Liberal Democrat,Aye,E12000008,525,532,61,0,0,520,513,506,519,343,309,421,515,519
E14001228,Labour,Aye,E12000004,256,204,62,4,0.064516129,221,193,115,236,373,541,250,193,269
E14001229,Labour,No,E12000007,164,182,71,1,0.014084507,112,195,310,281,146,30,251,121,60
E14001230,Liberal Democrat,No,E12000008,532,536,59,0,0,512,527,518,539,335,384,436,507,511
E14001231,Labour,Aye,E12000009,333,283,61,0,0,353,347,303,269,358,382,176,327,244
E14001232,Conservative,No,E12000009,427,432,48,0,0,404,360,348,432,506,422,262,401,427
E14001233,Conservative,No,E12000008,436,438,61,1,0.016393443,435,411,344,430,362,363,323,400,488
E14001234,Conservative,No,E12000008,527,526,63,0,0,509,500,476,478,446,336,495,504,521
E14001235,Conservative,No,E12000008,280,310,56,3,0.053571429,311,305,199,342,231,105,261,276,355
E14001236,Labour,No,E12000007,196,203,65,0,0,170,286,274,302,159,17,147,176,88
E14001237,Labour,Aye,E12000009,508,502,56,0,0,488,496,401,495,377,340,524,463,449
E14001238,Labour,Aye,E12000007,388,376,72,1,0.013888889,330,403,535,525,240,66,155,422,204
E14001239,Labour,Aye,E12000008,156,176,57,4,0.070175439,149,112,135,196,246,189,285,126,216
E14001240,Labour,Aye,E12000009,319,343,53,1,0.018867925,322,272,216,384,508,196,186,324,351
E14001241,Liberal Democrat,Aye,E12000009,384,353,56,0,0,379,361,290,380,367,240,318,376,401
E14001242,Conservative,Aye,E12000002,382,373,60,2,0.033333333,359,260,447,207,454,517,308,413,367
E14001243,Conservative,No,E12000004,263,300,52,4,0.076923077,247,185,270,277,509,191,239,201,363
E14001244,Labour,Aye,E12000001,109,151,66,14,0.212121212,118,90,161,38,98,406,431,156,112
E14001245,Labour,Aye,E12000004,374,323,67,1,0.014925373,318,250,285,334,381,484,423,323,340
E14001246,Labour,No,E12000008,213,254,63,5,0.079365079,242,221,182,255,97,360,158,210,324
E14001247,Liberal Democrat,Aye,E12000009,351,364,53,1,0.018867925,375,357,356,367,418,138,164,387,398
E14001248,Labour,No,E12000009,199,174,68,9,0.132352941,203,191,128,145,298,248,399,190,227
E14001249,Conservative,Aye,E12000008,516,505,61,0,0,516,503,465,489,466,256,459,508,526
E14001250,Conservative,Aye,E12000003,464,447,59,1,0.016949153,459,430,323,437,520,371,342,480,434
E14001251,Labour,No Vote Recorded,E12000002,26,50,62,23,0.370967742,31,57,105,22,6,201,80,56,51
E14001252,Conservative,Aye,E12000008,299,299,62,1,0.016129032,346,311,157,285,206,359,255,299,412
E14001253,Conservative,No,E12000004,378,371,54,1,0.018518519,334,323,305,383,511,194,368,304,381
E14001254,Labour,No,E12000008,241,239,64,2,0.03125,251,249,147,307,34,436,291,229,295
E14001255,Labour,Aye,E12000003,29,13,76,30,0.394736842,28,31,18,106,21,527,92,10,114
E14001256,Reform UK,Aye,E12000006,69,73,61,15,0.245901639,86,42,23,107,243,291,199,72,168
E14001257,Labour,Aye,E12000007,182,179,56,0,0,147,247,428,267,86,39,136,123,43
E14001258,Liberal Democrat,Aye,E12000008,522,513,59,0,0,523,533,475,513,429,293,401,495,512
E14001259,Labour,No,E12000007,91,83,67,4,0.059701493,79,174,334,171,127,8,81,151,6
E14001260,Labour,No,E12000007,55,51,60,8,0.133333333,50,151,424,140,33,5,48,19,5
E14001261,Labour,Aye,E12000005,216,235,56,4,0.071428571,164,167,178,197,326,490,166,165,184
E14001262,Labour,Aye,E12000003,76,84,66,19,0.287878788,88,94,126,143,31,526,39,97,177
E14001263,Conservative,No,E12000008,524,527,59,0,0,529,525,472,498,406,268,448,524,505
E14001264,Labour,Aye,E12000007,237,191,70,0,0,202,248,523,300,158,71,73,217,86
E14001265,Labour,Aye,E12000007,365,293,74,0,0,286,355,514,488,197,283,122,317,155
E14001266,Conservative,No,E12000004,482,445,59,0,0,439,434,369,396,439,415,507,444,410
E14001267,Labour,Aye,E12000006,279,211,63,0,0,248,281,194,270,215,89,533,226,251
E14001268,Liberal Democrat,Aye,E12000006,541,541,60,0,0,540,542,539,538,435,233,502,537,540
E14001269,Liberal Democrat,Aye,E12000003,491,488,65,1,0.015384615,486,449,467,403,513,402,304,518,475
E14001270,Conservative,No,E12000007,358,392,65,0,0,303,428,471,517,284,18,283,390,137
E14001271,Labour,No Vote Recorded,E12000007,339,400,59,0,0,237,353,509,491,272,32,257,309,101
E14001272,Labour,Aye,E12000001,46,54,58,21,0.362068966,27,12,107,47,83,483,525,29,75
E14001273,Conservative,No,E12000006,315,331,57,3,0.052631579,328,310,263,268,345,243,317,282,372
E14001274,Labour,Aye,E12000008,71,91,62,16,0.258064516,78,60,83,127,141,78,201,63,154
E14001275,Conservative,No,E12000008,195,184,60,5,0.083333333,206,178,74,210,144,357,297,171,268
E14001276,Independent,Aye,E12000007,177,218,63,0,0,158,257,225,327,81,31,194,181,102
E14001277,Liberal Democrat,Aye,E12000002,275,277,65,5,0.076923077,291,220,282,163,189,474,321,332,316
E14001278,Labour,Aye,E12000006,353,361,61,0,0,327,336,239,401,220,218,501,289,337
E14001279,Labour,No,E12000007,273,272,60,0,0,217,325,455,502,205,19,144,275,103
E14001280,Liberal Democrat,Aye,E12000008,533,533,59,0,0,539,539,488,537,510,207,341,535,538
E14001281,Conservative,No,E12000005,281,267,59,1,0.016949153,326,296,197,324,428,210,101,342,327
E14001282,Conservative,No,E12000008,266,266,56,3,0.053571429,250,187,252,261,263,255,355,283,275
E14001283,Labour,Aye,E12000006,534,530,61,0,0,508,512,502,536,397,393,509,501,469
E14001284,Conservative,Aye,E12000006,416,431,60,1,0.016666667,398,415,409,462,275,113,457,425,352
E14001285,Labour,Aye,E12000001,402,385,57,1,0.01754386,413,363,435,330,487,150,349,437,433
E14001286,Labour,No,E12000002,65,63,61,17,0.278688525,75,58,97,57,19,396,329,100,139
E14001287,Labour,Aye,E12000004,370,333,59,3,0.050847458,351,288,322,262,482,446,279,368,345
E14001288,Conservative,Aye,E12000004,403,399,57,0,0,403,359,215,362,344,418,385,393,413
E14001289,Labour,Aye,E12000006,512,511,55,0,0,494,493,474,492,444,315,424,493,471
E14001290,Labour,Aye,E12000007,186,142,67,0,0,131,209,423,333,110,223,36,86,32
E14001291,Liberal Democrat,Aye,E12000009,438,433,52,0,0,421,379,402,457,526,286,238,434,472
E14001292,Conservative,No,E12000007,340,315,62,1,0.016129032,306,329,234,428,252,198,419,254,333
E14001293,Labour,Aye,E12000007,317,306,60,0,0,299,377,532,387,138,60,98,362,115
E14001294,Liberal Democrat,Aye,E12000008,501,509,56,0,0,528,509,500,485,474,126,350,531,531
E14001295,Labour,No,E12000001,86,56,67,17,0.253731343,65,29,84,53,149,504,543,80,85
E14001296,Labour,Aye,E12000008,314,236,63,2,0.031746032,276,267,404,247,342,266,197,357,153
E14001297,Labour,Aye,E12000003,87,125,73,14,0.191780822,94,98,169,146,58,292,67,120,151
E14001298,Conservative,No,E12000006,446,459,63,0,0,465,460,345,441,422,137,381,440,495
E14001299,Labour,No,E12000002,67,70,60,15,0.25,97,71,121,27,119,543,26,142,147
E14001300,Labour,No,E12000007,341,312,63,0,0,267,370,450,469,168,87,212,356,124
E14001301,Labour,Aye,E12000007,230,223,62,0,0,151,290,380,410,120,42,160,222,54
E14001302,Labour,No,E12000006,153,141,70,10,0.142857143,185,176,86,148,123,320,154,189,209
E14001303,Conservative,No,E12000008,180,178,45,1,0.022222222,160,103,136,228,290,397,182,166,250
E14001304,Labour,No,E12000008,224,195,44,2,0.045454545,231,175,205,242,374,308,93,244,281
E14001305,Independent,No,E12000007,126,67,63,5,0.079365079,83,150,459,175,41,82,78,65,15
E14001306,Labour,Aye,E12000007,147,114,65,1,0.015384615,122,212,416,189,95,62,37,20,21
E14001307,Labour,Aye,E12000001,70,47,62,14,0.225806452,45,34,93,28,126,390,527,48,68
E14001308,Conservative,No,E12000003,157,190,60,14,0.233333333,216,192,148,137,160,408,76,239,260
E14001309,Conservative,No,E12000005,502,507,54,0,0,532,535,528,461,465,111,254,517,528
E14001310,Labour,Aye,E12000007,243,167,93,8,0.086021505,271,337,536,528,131,26,19,339,100
E14001311,Labour,Aye,E12000004,293,335,59,4,0.06779661,289,270,206,251,266,311,384,287,336
E14001312,Liberal Democrat,No,E12000007,443,461,66,0,0,412,479,507,483,350,132,184,421,287
E14001313,Labour,Aye,E12000003,20,8,69,35,0.507246377,22,27,7,56,64,302,114,18,52
E14001314,Labour,Aye,E12000003,47,37,71,24,0.338028169,72,89,89,99,29,276,82,52,98
E14001315,Labour,No Vote Recorded,E12000003,99,97,64,16,0.25,107,93,103,158,129,391,120,117,149
E14001316,Conservative,No Vote Recorded,E12000005,471,460,59,0,0,430,392,419,360,467,480,371,462,394
E14001317,Labour,No,E12000002,5,4,59,32,0.542372881,4,2,9,4,181,348,139,6,22
E14001318,Labour,No Vote Recorded,E12000002,291,291,55,4,0.072727273,337,327,391,190,368,373,105,308,288
E14001319,Labour,No Vote Recorded,E12000003,165,225,57,6,0.105263158,272,389,260,95,36,410,12,69,82
E14001320,Independent,No,E12000003,35,26,68,32,0.470588235,64,63,27,79,12,467,57,75,133
E14001321,Labour,Aye,E12000003,267,276,58,9,0.155172414,253,232,446,239,116,476,123,345,201
E14001322,Labour,Aye,E12000003,448,429,60,1,0.016666667,474,442,489,323,297,501,178,497,456
E14001323,Labour,Aye,E12000003,6,3,75,48,0.64,18,44,4,34,3,378,6,4,56
E14001324,Labour,Aye,E12000003,190,202,57,7,0.122807018,244,217,230,169,82,441,62,248,229
E14001325,Labour,Aye,E12000003,100,78,62,14,0.225806452,150,142,120,124,17,513,29,141,172
E14001326,Conservative,No,E12000004,133,134,62,6,0.096774194,67,154,41,155,239,411,211,163,18
E14001327,Independent,No,E12000004,118,121,64,13,0.203125,91,203,60,105,150,409,145,107,24
E14001328,Labour,Aye,E12000004,41,41,66,20,0.303030303,40,108,32,65,13,442,148,23,64
E14001329,Labour,Aye,E12000002,123,138,64,16,0.25,129,79,138,91,80,512,345,164,160
E14001330,Liberal Democrat,Aye,E12000008,394,397,58,0,0,368,328,300,402,445,166,397,359,443
E14001331,Labour,Aye,E12000007,116,100,67,4,0.059701493,101,147,312,216,133,23,59,94,78
E14001332,Labour,No,E12000007,148,127,62,1,0.016129032,133,236,442,241,100,20,38,76,28
E14001333,Labour,No Vote Recorded,E12000007,246,216,58,0,0,210,282,498,282,191,59,69,214,109
E14001334,Labour,Aye,E12000007,240,205,63,1,0.015873016,232,350,432,357,165,29,64,264,90
E14001335,Labour,Aye,E12000005,450,454,53,0,0,410,365,387,374,468,386,452,410,425
E14001336,Labour,Aye,E12000004,176,165,64,10,0.15625,181,166,134,134,296,275,414,148,178
E14001337,Labour,Aye,E12000002,74,71,60,19,0.316666667,82,51,142,35,253,486,88,119,80
E14001338,Labour,Aye,E12000002,1,2,43,36,0.837209302,5,16,13,2,25,376,22,1,4
E14001339,Labour,No Vote Recorded,E12000002,3,5,67,41,0.611940299,6,4,35,3,65,507,18,9,27
E14001340,Labour,Aye,E12000002,42,57,62,18,0.290322581,71,84,200,17,79,459,3,89,48
E14001341,Independent,No,E12000002,11,7,64,30,0.46875,15,7,73,6,57,509,16,30,31
E14001342,Labour,Aye,E12000004,393,387,54,2,0.037037037,372,397,298,350,313,395,352,320,341
E14001343,Conservative,Aye,E12000004,167,215,54,4,0.074074074,191,124,181,149,515,164,200,179,264
E14001344,Labour,No,E12000006,140,123,60,10,0.166666667,137,86,63,161,249,438,275,134,238
E14001345,Labour,Teller - Ayes,E12000006,207,196,66,1,0.015151515,180,230,203,195,169,83,324,192,196
E14001346,Labour,Aye,E12000006,144,162,64,3,0.046875,148,226,124,184,113,37,175,160,95
E14001347,Labour,Aye,E12000002,425,427,60,1,0.016666667,425,351,463,338,405,355,361,464,466
E14001348,Liberal Democrat,Aye,E12000008,531,518,61,0,0,527,532,503,521,495,279,462,534,504
E14001349,Conservative,No,E12000008,386,413,58,0,0,364,383,367,405,286,181,305,353,387
E14001350,Labour,Aye,E12000002,227,251,64,6,0.09375,224,159,207,125,190,518,488,292,233
E14001351,Conservative,No,E12000006,423,407,60,0,0,422,406,302,472,412,125,417,408,438
E14001352,Labour,Aye,E12000002,18,16,64,26,0.40625,51,136,88,12,2,121,45,15,20
E14001353,Labour,No Vote Recorded,E12000002,33,79,51,20,0.392156863,38,149,209,10,10,95,61,13,3
E14001354,Labour,Aye,E12000002,188,228,54,5,0.092592593,260,341,485,70,14,249,103,252,72
E14001355,Labour,Aye,E12000004,127,119,65,10,0.153846154,152,87,50,74,198,388,454,150,230
E14001356,Liberal Democrat,Aye,E12000009,429,422,54,0,0,423,384,352,429,461,231,382,427,485
E14001357,Conservative,No,E12000004,433,423,54,0,0,437,441,294,397,390,305,322,417,442
E14001358,Conservative,No,E12000005,268,243,62,12,0.193548387,238,204,232,321,300,204,480,234,331
E14001359,Conservative,No,E12000006,517,524,49,0,0,517,523,452,493,426,281,360,491,506
E14001360,Conservative,No,E12000008,539,539,55,0,0,542,541,520,535,538,102,450,543,541
E14001361,Labour,Aye,E12000002,262,242,54,4,0.074074074,255,211,192,179,328,448,354,249,290
E14001362,Labour,No,E12000004,492,483,54,0,0,479,457,425,318,527,431,416,478,465
E14001363,Liberal Democrat,Aye,E12000009,476,478,61,0,0,475,446,378,424,497,220,476,470,499
E14001364,Conservative,Aye,E12000004,493,487,58,0,0,483,480,372,454,302,454,432,475,460
E14001365,Conservative,Aye,E12000006,318,336,53,0,0,385,330,167,308,505,81,240,419,377
E14001366,Liberal Democrat,Aye,E12000008,530,531,55,0,0,521,510,477,532,494,310,486,526,513
E14001367,Labour,No,E12000001,8,11,67,39,0.582089552,2,6,12,7,27,523,388,2,42
E14001368,Labour,Aye,E12000001,134,130,56,11,0.196428571,117,65,184,76,258,403,526,105,194
E14001369,Labour,Aye,E12000008,300,320,66,5,0.075757576,284,326,321,290,280,40,512,310,186
E14001370,Labour,Aye,E12000008,362,346,56,1,0.017857143,339,385,335,349,351,76,437,307,357
E14001371,Labour,No,E12000007,284,279,69,0,0,219,314,394,354,199,162,113,208,142
E14001372,Labour,Aye,E12000002,210,199,63,9,0.142857143,240,161,262,152,357,445,121,272,301
E14001373,Conservative,No,E12000008,413,402,60,0,0,434,413,325,433,310,169,390,389,500
E14001374,Conservative,No,E12000008,447,443,54,0,0,441,390,433,451,354,193,447,446,484
E14001375,Conservative,No,E12000004,352,349,62,2,0.032258065,376,315,286,365,420,214,280,371,429
E14001376,Liberal Democrat,Aye,E12000008,488,476,57,0,0,469,476,371,480,463,313,392,472,448
E14001377,Labour,No,E12000001,38,44,77,27,0.350649351,32,55,45,24,38,361,481,31,49
E14001378,Labour,No,E12000001,63,82,71,19,0.267605634,58,74,90,29,68,420,468,22,61
E14001379,Labour,No,E12000001,363,366,64,3,0.046875,335,331,422,178,309,470,500,338,241
E14001380,Labour,No,E12000005,286,274,59,2,0.033898305,292,227,227,167,311,524,325,298,282
E14001381,Liberal Democrat,Aye,E12000009,335,298,57,0,0,300,256,316,313,437,367,245,330,303
E14001382,Labour,No,E12000001,141,150,58,7,0.120689655,120,70,163,67,161,495,539,116,162
E14001383,Labour,No,E12000003,107,90,61,11,0.180327869,146,67,26,94,87,472,498,149,213
E14001384,Conservative,No,E12000006,453,453,54,0,0,457,462,415,440,430,157,316,430,474
E14001385,Liberal Democrat,Aye,E12000009,202,206,55,2,0.036363636,239,208,222,288,521,57,25,247,289
E14001386,Conservative,No Vote Recorded,E12000009,466,486,45,0,0,481,486,456,467,517,107,224,458,507
E14001387,Liberal Democrat,Aye,E12000009,257,255,58,3,0.051724138,294,261,257,231,485,99,130,337,309
E14001388,Conservative,No,E12000009,414,466,52,0,0,448,437,327,453,523,61,311,436,479
E14001389,Labour,Aye,E12000001,162,185,59,3,0.050847458,132,91,191,96,195,497,536,133,164
E14001390,Conservative,No,E12000006,161,189,55,4,0.072727273,189,172,40,132,273,183,379,158,239
E14001391,Labour,Aye,E12000004,305,325,58,3,0.051724138,266,196,204,200,518,488,477,266,315
E14001392,Liberal Democrat,Aye,E12000008,542,543,57,0,0,543,543,538,541,475,242,510,541,543
E14001393,Labour,Aye,E12000006,454,436,60,0,0,428,438,393,496,386,216,425,412,455
E14001394,Labour,Aye,E12000009,487,477,57,0,0,466,447,330,465,349,427,508,469,468
E14001395,Green Party,Aye,E12000005,306,263,57,0,0,365,364,359,376,489,49,33,385,375
E14001396,Liberal Democrat,Aye,E12000006,248,252,53,0,0,315,241,219,271,532,45,106,333,358
E14001397,Labour,No,E12000001,287,319,55,2,0.036363636,313,206,247,259,409,208,403,311,347
E14001398,Liberal Democrat,Aye,E12000005,310,294,63,0,0,324,291,250,348,448,158,161,351,304
E14001399,Labour,Aye,E12000009,528,515,58,0,0,519,497,486,455,431,324,518,532,524
E14001400,Labour,Aye,E12000005,272,287,56,1,0.017857143,290,255,144,252,248,335,231,285,284
E14001401,Labour,Aye,E12000006,277,285,59,4,0.06779661,283,294,212,248,224,130,377,255,326
E14001402,Conservative,No,E12000006,497,493,53,0,0,514,526,468,530,427,69,375,514,480
E14001403,Conservative,Aye,E12000008,445,473,58,0,0,463,464,339,443,370,182,464,439,476
E14001404,Labour,Aye,E12000004,392,380,55,2,0.036363636,371,332,231,309,363,437,483,355,395
E14001405,Conservative,Aye,E12000006,173,187,61,7,0.114754098,225,180,62,133,464,145,225,215,293
E14001406,Labour,Aye,E12000004,139,131,73,7,0.095890411,186,205,101,123,54,178,179,174,171
E14001407,Labour,No,E12000004,302,288,60,5,0.083333333,333,334,251,222,211,151,487,313,338
E14001408,Labour,Aye,E12000006,244,238,61,7,0.114754098,230,200,104,220,353,460,348,224,270
E14001409,Labour,Aye,E12000006,194,170,59,10,0.169491525,176,210,139,119,245,479,310,125,145
E14001410,Labour,Aye,E12000004,52,40,66,17,0.257575758,77,119,71,58,70,179,51,40,46
E14001411,Labour,Aye,E12000004,36,20,66,26,0.393939394,26,37,22,69,90,271,219,11,117
E14001412,Labour,Aye,E12000004,112,105,61,13,0.213114754,138,186,75,63,241,168,153,58,79
E14001413,Labour,Aye,E12000005,192,198,59,5,0.084745763,201,169,106,176,163,375,307,178,237
E14001414,Conservative,No,E12000007,456,457,62,0,0,451,465,365,466,380,238,271,426,426
E14001415,Labour,No Vote Recorded,E12000002,79,128,64,21,0.328125,89,99,66,111,37,521,156,112,166
E14001416,Labour,No,E12000002,43,69,64,22,0.34375,39,48,39,73,20,520,129,87,96
E14001417,Conservative,No,E12000007,360,341,60,0,0,323,343,389,475,281,97,376,250,420
E14001418,Labour,Aye,E12000003,375,378,62,2,0.032258065,397,352,349,266,271,413,309,402,408
E14001419,Labour,No,E12000008,298,295,64,1,0.015625,285,372,254,286,259,202,210,199,234
E14001420,Liberal Democrat,Aye,E12000008,500,517,57,0,0,534,538,483,500,484,241,228,503,516
E14001421,Labour,Aye,E12000007,81,94,54,3,0.055555556,42,133,398,183,45,25,54,34,9
E14001422,Labour,Aye,E12000002,158,166,64,14,0.21875,193,160,152,153,315,535,23,273,197
E14001423,Labour,Aye,E12000003,336,329,60,2,0.033333333,357,278,318,199,256,443,449,397,332
E14001424,Labour,Aye,E12000002,312,314,60,2,0.033333333,366,309,253,315,524,199,109,403,409
E14001425,Labour,No,E12000006,80,107,69,12,0.173913043,102,127,28,128,60,92,300,106,128
E14001426,Labour,Aye,E12000009,115,93,63,14,0.222222222,128,85,76,71,285,299,302,103,191
E14001427,Labour,Aye,E12000009,77,87,63,14,0.222222222,116,96,177,42,111,419,43,98,120
E14001428,Labour,Aye,E12000003,94,92,59,13,0.220338983,141,82,25,97,55,453,420,124,207
E14001429,Labour,Aye,E12000009,355,356,56,0,0,321,319,275,311,352,287,400,303,306
E14001430,Independent,No,E12000007,171,146,58,1,0.017241379,106,274,337,253,193,52,133,64,7
E14001431,Labour,Aye,E12000008,170,173,63,5,0.079365079,245,284,130,214,134,288,15,200,247
E14001432,Labour,Aye,E12000008,124,140,62,10,0.161290323,177,264,158,157,24,270,14,115,105
E14001433,Labour,No,E12000002,61,96,70,16,0.228571429,85,104,99,36,43,508,46,101,66
E14001434,Labour,No,E12000007,361,379,60,0,0,316,433,517,381,269,91,131,261,136
E14001435,Labour,Aye,E12000007,121,102,67,4,0.059701493,52,114,399,335,108,67,71,85,17
E14001436,Labour,Aye,E12000003,92,95,60,10,0.166666667,115,69,48,50,77,489,473,109,159
E14001437,Conservative,No,E12000006,506,492,58,0,0,489,487,280,494,449,338,529,496,444
E14001438,Labour,No,E12000008,324,328,65,1,0.015384615,344,418,388,297,260,108,173,346,182
E14001439,Labour,No,E12000008,431,421,59,1,0.016949153,427,455,362,445,401,203,364,386,450
E14001440,Labour,Aye,E12000001,78,68,62,18,0.290322581,66,21,123,41,175,491,522,44,150
E14001441,Labour,Aye,E12000005,236,240,62,5,0.080645161,262,244,165,188,292,58,489,263,263
E14001442,Conservative,No,E12000008,498,512,64,0,0,507,506,487,468,355,234,378,488,518
E14001443,Labour,No,E12000002,452,449,62,0,0,499,436,515,301,473,362,187,520,496
E14001444,Conservative,Aye,E12000003,444,415,61,0,0,485,474,324,452,540,127,296,465,503
E14001445,Liberal Democrat,No,E12000007,514,503,67,0,0,493,521,542,540,329,358,149,525,388
E14001446,Labour,No,E12000002,32,45,58,22,0.379310345,30,30,80,39,16,326,235,73,71
E14001447,Labour,Aye,E12000008,223,278,54,2,0.037037037,243,233,164,260,105,321,191,221,267
E14001448,Conservative,No,E12000007,350,339,61,0,0,332,378,241,413,213,219,292,295,312
E14001449,Deputy Speaker,No Vote Recorded,E12000008,417,441,57,0,0,478,495,437,412,365,118,174,442,489
E14001450,Labour,Aye,E12000002,163,169,63,11,0.174603175,182,140,210,131,209,457,152,204,232
E14001451,Labour,Aye,E12000003,218,231,59,8,0.13559322,229,164,185,110,183,505,466,205,308
E14001452,Labour,Aye,E12000003,39,34,70,25,0.357142857,43,28,24,26,62,503,320,62,107
E14001453,Labour,Aye,E12000005,398,420,59,0,0,384,387,341,356,276,298,338,377,390
E14001454,Conservative,No,E12000007,495,500,60,0,0,455,482,531,490,366,119,418,467,402
E14001455,Independent,No,E12000002,128,103,60,17,0.283333333,134,80,171,100,277,364,313,137,211
E14001456,Conservative,No,E12000008,478,485,64,0,0,491,516,453,512,320,114,330,481,453
E14001457,Labour,No,E12000004,538,535,58,0,0,513,491,534,524,516,477,456,530,494
E14001458,Conservative,Aye,E12000004,510,496,52,0,0,505,498,492,505,534,154,407,490,515
E14001459,Independent,No,E12000002,30,33,63,25,0.396825397,49,72,61,9,28,277,141,36,45
E14001460,Conservative,No,E12000009,406,412,54,0,0,438,424,414,425,375,109,220,457,459
E14001461,Labour,Aye,E12000003,150,153,64,9,0.140625,169,122,125,129,416,343,125,195,224
E14001462,Labour,Aye,E12000003,160,194,64,11,0.171875,161,144,70,150,143,492,396,154,221
E14001463,Labour,Aye,E12000002,400,377,63,0,0,378,252,482,186,413,528,373,451,370
E14001464,Labour,Aye,E12000003,405,398,56,1,0.017857143,399,348,258,355,452,392,411,398,383
E14001465,Conservative,Aye,E12000008,441,450,61,0,0,453,470,427,511,225,187,335,431,483
E14001466,Labour,No,E12000003,10,10,68,42,0.617647059,11,9,2,31,15,401,190,12,50
E14001467,Labour,No,E12000003,258,253,53,3,0.056603774,343,451,329,164,167,294,55,235,65
E14001468,Labour,Aye,E12000003,536,534,56,0,0,535,520,540,372,433,485,438,539,510
E14001469,Labour,Aye,E12000003,51,39,67,25,0.373134328,47,45,42,77,56,414,299,38,81
E14001470,Labour,Aye,E12000003,122,124,64,10,0.15625,119,116,53,101,125,381,393,130,130
E14001471,Labour,Aye,E12000004,254,275,56,3,0.053571429,256,168,122,205,325,400,494,209,366
E14001472,Labour,No,E12000003,295,326,60,3,0.05,348,302,374,204,112,499,140,365,344
E14001473,Labour,Aye,E12000005,348,375,56,1,0.017857143,336,316,328,322,403,307,269,335,335
E14001474,Labour,Aye,E12000008,117,122,62,15,0.241935484,136,121,34,173,92,253,332,110,231
E14001475,Conservative,No,E12000003,439,439,60,0,0,496,466,448,434,535,236,94,523,490
E14001476,Conservative,No,E12000004,458,455,53,0,0,411,366,413,426,543,314,426,433,397
E14001477,Labour,No,E12000008,215,261,68,0,0,235,333,266,223,130,21,226,301,94
E14001478,Labour,No,E12000005,56,64,64,8,0.125,33,83,68,92,204,301,20,61,38
E14001479,Conservative,Aye,E12000005,479,471,57,0,0,464,454,490,391,379,319,391,489,403
E14001480,Reform UK,No,E12000006,212,183,63,7,0.111111111,218,218,64,289,124,254,441,170,262
E14001481,Liberal Democrat,Aye,E12000006,519,514,64,0,0,525,517,519,522,460,133,367,521,530
E14001482,Liberal Democrat,Aye,E12000009,490,472,55,0,0,503,515,470,486,529,93,263,494,492
E14001483,Labour,Aye,E12000004,381,396,50,0,0,394,358,236,298,453,318,298,378,392
E14001484,Liberal Democrat,Aye,E12000009,285,273,53,1,0.018867925,249,215,357,331,477,227,167,251,310
E14001485,Labour,Aye,E12000009,233,265,58,6,0.103448276,264,177,179,160,387,197,314,245,359
E14001486,Labour,Aye,E12000009,239,222,55,1,0.018181818,265,219,320,227,481,140,44,284,300
E14001487,Conservative,No,E12000004,337,350,58,0,0,340,321,109,339,504,217,433,329,348
E14001488,Conservative,No,E12000004,521,528,52,0,0,506,499,384,473,443,461,491,502,478
E14001489,Labour,No,E12000006,467,452,49,0,0,454,450,420,463,525,174,287,460,457
E14001490,Conservative,No,E12000004,535,538,53,0,0,536,534,461,509,483,332,443,536,520
E14001491,Labour,Aye,E12000002,401,406,58,3,0.051724138,392,344,411,256,382,515,253,399,407
E14001492,Labour,No,E12000001,89,62,66,18,0.272727273,54,25,162,62,154,451,534,55,121
E14001493,Conservative,No,E12000005,316,305,60,1,0.016666667,390,396,364,411,492,50,27,429,365
E14001494,Conservative,Aye,E12000006,404,369,54,0,0,419,421,314,456,385,80,281,418,447
E14001495,Conservative,No,E12000009,473,458,59,0,0,476,399,478,310,536,370,290,487,473
E14001496,Conservative,No,E12000006,505,506,56,0,0,473,494,443,523,400,261,505,473,458
E14001497,Labour,Aye,E12000006,232,250,58,1,0.017241379,296,263,51,206,442,134,256,316,313
E14001498,Conservative,No,E12000009,345,347,54,1,0.018518519,352,320,237,399,341,176,363,343,393
E14001499,Labour,No,E12000008,142,129,65,8,0.123076923,196,237,132,109,26,352,102,138,192
E14001500,Labour,No,E12000008,129,135,66,11,0.166666667,197,245,160,113,11,339,72,161,131
E14001501,Labour,No,E12000006,135,137,57,8,0.140350877,109,118,100,209,104,303,343,84,173
E14001502,Labour,Aye,E12000006,334,286,63,1,0.015873016,282,289,255,304,293,417,353,326,252
E14001503,Labour,Teller - Ayes,E12000007,201,213,70,3,0.042857143,165,266,406,398,153,16,115,183,70
E14001504,Labour,No,E12000002,252,219,64,5,0.078125,236,162,376,126,407,529,188,340,222
E14001505,Conservative,No,E12000008,387,417,60,0,0,426,453,299,423,251,101,202,364,463
E14001506,Labour,Aye,E12000003,242,264,60,2,0.033333333,270,240,228,232,91,429,124,279,302
E14001507,Liberal Democrat,Aye,E12000006,509,521,57,0,0,480,477,530,529,301,269,455,492,452
E14001508,Labour,Aye,E12000009,181,171,56,5,0.089285714,195,141,195,213,440,265,66,212,243
E14001509,Labour,No,E12000002,96,85,65,14,0.215384615,100,43,131,25,227,506,366,104,175
E14001510,Labour,No,E12000002,62,43,62,18,0.290322581,80,26,140,13,174,511,227,82,157
E14001511,Liberal Democrat,Aye,E12000009,187,186,52,3,0.057692308,209,194,363,275,499,124,1,259,217
E14001512,Liberal Democrat,Aye,E12000006,507,508,58,0,0,498,502,449,497,389,246,485,468,501
E14001513,Labour,Aye,E12000005,389,384,55,0,0,391,324,361,312,415,322,356,373,428
E14001514,Conservative,No,E12000005,369,359,52,0,0,395,312,291,332,451,312,247,407,391
E14001515,Labour,No,E12000002,105,120,59,13,0.220338983,121,92,156,64,74,428,217,144,165
E14001516,Labour,Aye,E12000006,301,337,58,0,0,274,277,211,325,230,172,471,246,280
E14001517,Labour,No Vote Recorded,E12000002,97,111,68,12,0.176470588,105,102,150,75,46,498,150,128,126
E14001518,Labour,No,E12000001,48,60,59,20,0.338983051,34,20,59,20,203,469,515,37,119
E14001519,Conservative,No,E12000001,455,464,56,0,0,442,369,491,230,436,374,538,471,422
E14001520,Labour,Aye,E12000005,37,31,71,23,0.323943662,62,54,30,15,75,462,132,49,97
E14001521,Labour,No,E12000005,82,72,62,16,0.258064516,99,81,49,43,122,456,264,77,181
E14001522,Labour,No,E12000005,168,168,60,12,0.2,200,131,117,116,267,407,394,168,307
E14001523,Conservative,No,E12000005,420,430,54,0,0,420,405,360,361,438,284,295,423,396
E14001524,Labour,Aye,E12000005,189,210,60,6,0.1,153,135,154,185,291,478,185,169,202
E14001525,Labour,No,E12000007,125,136,54,0,0,126,280,377,238,49,7,65,102,10
E14001526,Liberal Democrat,Aye,E12000005,457,482,50,0,0,467,468,484,439,410,129,215,484,464
E14001527,Labour,Aye,E12000007,214,209,65,0,0,205,300,454,299,118,48,30,198,91
E14001528,Labour,Aye,E12000002,206,247,60,4,0.066666667,156,139,331,162,247,466,198,228,156
E14001529,Labour,Aye,E12000009,481,479,57,0,0,416,391,426,418,528,380,435,453,419
E14001530,Labour,Aye,E12000006,366,383,55,0,0,393,339,246,353,459,325,177,382,454
E14001531,Labour,Aye,E12000001,93,88,67,13,0.194029851,74,47,172,52,50,532,517,93,77
E14001532,Liberal Democrat,Aye,E12000008,529,529,59,0,0,533,536,469,503,479,226,496,516,535
E14001533,Deputy Speaker,No Vote Recorded,E12000008,440,448,54,0,0,445,459,379,518,496,106,241,432,477
E14001534,Liberal Democrat,Aye,E12000007,485,467,60,0,0,446,485,496,460,378,251,270,452,374
E14001535,Conservative,Aye,E12000005,419,426,60,1,0.016666667,462,416,516,273,462,144,168,498,405
E14001536,Labour,Aye,E12000009,303,322,59,6,0.101694915,319,322,159,265,217,351,469,300,321
E14001537,Labour,Aye,E12000009,278,290,65,6,0.092307692,263,304,189,245,156,365,334,258,212
E14001538,Labour,Aye,E12000005,288,280,64,4,0.0625,281,279,153,233,283,280,472,262,265
E14001539,Conservative,No,E12000002,496,490,56,0,0,501,472,512,415,441,328,362,528,491
E14001540,Liberal Democrat,No,E12000009,307,334,59,3,0.050847458,329,283,315,276,287,186,272,349,342
E14001541,Labour,Aye,E12000005,110,86,61,15,0.245901639,87,95,78,112,109,342,519,71,129
E14001542,Liberal Democrat,Aye,E12000009,449,437,55,0,0,447,452,342,386,493,209,434,409,486
E14001543,Conservative,No,E12000005,308,303,61,3,0.049180328,305,298,273,225,360,252,402,306,278
E14001544,Conservative,Aye,E12000003,373,388,53,0,0,407,409,281,407,541,143,116,428,400
E14001545,Liberal Democrat,Aye,E12000009,483,491,56,0,0,497,478,355,499,402,235,430,466,522
E14001546,Labour,No,E12000006,222,226,64,4,0.0625,190,269,116,319,136,122,331,173,146
E14001547,Labour,No,E12000005,27,24,65,21,0.323076923,24,35,6,48,135,353,77,28,40
E14001548,Liberal Democrat,Aye,E12000009,282,311,51,0,0,331,295,240,368,471,88,74,366,356
E14001549,Conservative,No,E12000008,437,462,57,0,0,443,456,407,487,303,165,306,420,481
E14001550,Labour,No,E12000007,329,301,63,0,0,302,419,524,352,202,84,90,302,89
E14001551,Liberal Democrat,Aye,E12000009,111,66,66,13,0.196969697,96,53,186,117,214,304,206,132,144
E14001552,Conservative,No,E12000009,231,262,52,0,0,273,231,242,243,519,85,53,297,339
E14001553,Labour,No,E12000007,50,38,71,15,0.211267606,35,120,183,237,22,11,70,53,8
E14001554,Labour,Aye,E12000009,309,281,54,0,0,310,292,429,303,512,159,63,321,297
E14001555,Liberal Democrat,Aye,E12000008,480,489,62,0,0,458,463,439,484,394,317,289,476,439
E14001556,Liberal Democrat,No,E12000007,513,499,62,0,0,500,505,541,534,316,383,180,513,430
E14001557,Labour,Aye,E12000001,265,269,62,8,0.129032258,215,153,368,172,228,493,523,268,242
E14001558,Labour,Aye,E12000007,377,414,60,0,0,363,439,395,377,233,86,276,322,286
E14001559,Labour,Teller - Noes,E12000007,136,77,59,0,0,124,207,457,198,102,46,7,50,16
E14001560,Labour,Aye,E12000003,154,143,65,8,0.123076923,172,138,94,135,96,430,277,182,214
E14001561,Labour,Aye,E12000002,59,75,63,18,0.285714286,68,36,180,16,173,542,83,79,122
E14001562,Labour,No,E12000005,17,23,66,36,0.545454545,8,18,3,59,107,349,97,16,29
E14001563,Labour,Aye,E12000007,145,139,59,2,0.033898305,127,223,326,292,93,15,56,155,37
E14001564,Labour,Aye,E12000002,200,175,62,7,0.112903226,212,157,196,118,234,426,293,240,235
E14001565,Labour,Aye,E12000002,357,345,58,3,0.051724138,361,307,373,218,369,379,365,406,362
E14001566,Labour,Aye,E12000005,422,408,61,0,0,415,422,444,316,270,350,328,441,334
E14001567,Labour,Aye,E12000001,113,81,66,14,0.212121212,90,59,81,66,226,387,537,95,118
E14001568,Labour,Aye,E12000006,380,390,58,0,0,369,402,430,373,210,146,236,391,279
E14001569,Green Party,Aye,E12000006,328,354,54,0,0,401,376,307,442,478,43,100,394,424
E14001570,Conservative,No,E12000008,354,362,56,0,0,406,427,340,458,332,54,138,384,437
E14001571,Labour,Aye,E12000004,250,241,62,3,0.048387097,241,238,98,263,235,330,451,232,249
E14001572,Liberal Democrat,Aye,E12000009,426,442,51,0,0,433,400,421,395,419,185,266,447,487
E14001573,Labour,Aye,E12000006,397,425,64,0,0,386,425,351,366,305,117,461,331,349
E14001574,Labour,Aye,E12000005,85,117,61,7,0.114754098,76,101,92,120,177,264,58,91,87
E14001575,Liberal Democrat,Aye,E12000009,356,404,51,0,0,388,346,383,363,488,120,135,383,445
E14001576,Labour,No,E12000007,90,89,66,4,0.060606061,95,213,301,224,89,1,127,118,12
E14001577,Labour,No,E12000002,276,212,62,6,0.096774194,220,179,261,246,398,327,405,233,226
E14001578,Conservative,No,E12000006,323,374,59,0,0,414,420,151,347,340,34,370,435,386
E14001579,Conservative,Teller - Noes,E12000005,371,355,58,1,0.017241379,383,342,434,436,417,90,151,358,435
E14001580,Liberal Democrat,No,E12000002,411,428,53,0,0,495,467,390,421,531,177,47,506,509
E14001581,Labour,Aye,E12000009,179,155,61,8,0.131147541,159,115,173,194,179,394,490,184,215
E14001582,Conservative,No,E12000003,499,501,55,0,0,538,529,497,448,514,147,216,542,532
E14001583,Labour,Aye,E12000002,152,113,64,8,0.125,199,110,85,89,425,377,327,220,274
E14001584,Labour,No,E12000002,103,98,56,14,0.25,114,75,143,44,188,465,218,129,140
E14001585,Labour,Aye,E12000002,130,133,67,11,0.164179104,144,100,111,78,115,496,444,185,163
E14001586,Liberal Democrat,No,E12000007,518,516,67,0,0,492,537,543,514,388,295,137,499,360
E14001587,Liberal Democrat,Aye,E12000008,515,520,59,0,0,522,518,511,520,447,213,333,527,517
E14001588,Conservative,No,E12000008,474,475,62,0,0,484,522,451,482,317,170,380,482,399
E14001589,Labour,No,E12000002,391,391,61,3,0.049180328,370,265,504,165,507,514,347,448,379
E14001590,Conservative,No,E12000006,421,409,58,0,0,408,395,295,371,376,282,428,416,384
E14001591,Liberal Democrat,Aye,E12000008,526,523,53,0,0,511,519,408,508,533,239,493,486,514
E14001592,Liberal Democrat,Aye,E12000008,486,498,61,0,0,482,483,473,449,347,188,422,479,462
E14001593,Liberal Democrat,Aye,E12000008,543,542,54,0,0,541,540,537,543,530,206,530,538,542
E14001594,Labour,No,E12000005,73,61,65,14,0.215384615,44,62,65,88,222,345,142,33,99
E14001595,Labour,Aye,E12000005,25,21,65,19,0.292307692,10,19,11,72,101,297,128,7,34
E14001596,Labour,Aye,E12000005,155,145,75,8,0.106666667,104,111,235,144,336,323,195,147,132
E14001597,Labour,No,E12000005,261,246,63,8,0.126984127,268,259,259,249,236,329,163,238,273
E14001598,Labour,Aye,E12000002,159,159,68,12,0.176470588,175,137,223,86,162,450,258,223,195
E14001599,Labour,Aye,E12000008,332,342,57,0,0,342,262,288,278,404,366,207,344,373
E14001600,Labour,Aye,E12000008,407,434,59,0,0,347,381,313,481,392,128,467,367,305
E14001601,Conservative,Aye,E12000005,220,207,65,4,0.061538462,226,189,175,280,238,173,209,197,298
E14001602,Labour,No,E12000002,49,58,63,26,0.412698413,59,61,137,23,71,289,233,70,73
E14001603,Liberal Democrat,Aye,E12000009,294,296,63,1,0.015873016,317,271,221,287,308,259,243,293,376
E14001604,Labour,No,E12000003,379,352,63,1,0.015873016,381,432,244,293,411,447,203,312,253
E14001605,Labour,Aye,E12000003,537,537,57,0,0,537,511,501,427,542,425,482,540,536
